8.24761198730192e+18,78.5848203710026,0.489662442810881,1.38301409075788,1.443557,0
5.14591041283802e+18,87.2633756959611,0.449017682406766,1.83762106886805,1.830221,0
8.79374767185539e+17,89.7464990233641,0.454691100460552,3.4410941028476,4.817507,0.00175097482063258
2.1034709898622e+18,93.6664368105984,0.265509481900515,3.22062980787952,2.147396,0.297590951520167
3.13537534547734e+18,91.8979442124495,0.225400095248012,2.25613002503499,3.601694,0.00691643002087905
1.8508338195527e+18,92.3055133138998,0.39718140761728,3.41068252694904,4.817999,0.00139350551866591
2.97732778275281e+18,93.5280471621141,0.280132065295371,1.94161630062819,1.132048,0.375140689477118
4.51242450526097e+18,88.731984784332,0.623427175170501,3.60814956354614,5.2505,0.00307183320043025
1.35072486237539e+19,93.8842578048533,0.313901067808012,1.93283065069945,1.556992,0
3.95247330826672e+18,89.854044615957,0.35606165456131,2.23372847976655,1.88201,0.00122402285830348
1.02963789412494e+19,93.316687470815,0.221216117052998,2.19358734405459,2.904986,0.00138915476030421
8.05860033375969e+18,96.7001478511036,0.260136443876387,2.4702488302995,2.15453,0
2.69531928105956e+19,94.7132574118506,0.356614387301592,2.70926637706519,2.744627,0
2.29667095442555e+19,99.5563105742659,0.290288330867026,1.91511545191186,2.617481,0
1.37895357916426e+19,97.6698199650934,0.36596769358442,3.34291372856756,3.930473,0
2.28154357597491e+19,107.004760624711,0.242375400892078,1.58170337498488,1.204416,0
1.72429092408736e+19,101.265766480295,0.396366222210846,2.21926640984393,2.497394,0
1.04146832322553e+20,113.104006344479,0.342140221613408,1.96978024816144,1.607089,0.00138440300929255
1.09351525372045e+20,107.17003542246,0.523015585000189,2.2235154206034,1.895219,0
9.31279950682796e+18,94.3317711716068,0.586046358906117,1.94599099034209,1.649421,0.00651360799200418
8.83802150461551e+18,78.4086507723704,0.484184589931116,1.22398736635089,1.03381,0
9.42561010198412e+18,87.0712637037871,0.442512120130762,2.15278068131695,1.612447,0.00435500044345982
4.1959536769628e+18,89.0156079168257,0.288956217278065,2.71969552588814,3.612089,0
4.94032161503393e+18,86.1692354493727,0.38197747285442,2.1656223041353,3.433529,0.03049918734804
4.56983307868484e+18,95.0919931360658,0.2647603891508,3.16124802571206,4.997345,0.017412207775932
6.58598912255122e+18,91.0477673173106,0.44362641637534,2.38132272077319,3.413423,0.0055647540898256
7.24714811854742e+18,88.9283975491235,0.389066645585457,2.55210842573107,3.302264,0.0015062350483479
7.52047849432329e+18,93.6739333794352,0.27220839957492,1.98742187559449,2.166791,0
3.36798307790577e+18,95.1838555214356,0.268183457673133,3.821467364969,3.468443,0
7.56325222564843e+18,89.7656334097042,0.202920698946225,1.68991183494309,1.864963,0
1.24890801948602e+19,88.840101572376,0.236487448057856,2.85212243217586,2.590028,0
1.82830477763927e+19,93.205787667601,0.243943731675982,2.05277630804463,3.177557,0.00423104475021896
2.47954080386897e+19,99.4196458243379,0.1856930402323,2.23510808448323,2.630024,0
4.24217584427027e+19,106.991185610867,0.193740122633654,2.05367708780672,1.635687,0.00614624077265913
7.83590388410183e+19,98.5843503540326,0.180482718788381,2.69752229700467,4.622504,0.0211567110430201
1.31667153201731e+20,106.847318250129,0.337410138182505,1.79514732775565,1.880261,0
1.43287434647935e+19,113.500212190915,0.257294877820161,2.24903250535424,2.572736,0
9.28861499313657e+19,106.10210433106,0.233762362857623,1.44407978055945,1.135921,0
4.61333393009771e+19,110.523256507745,0.541621369915239,2.973089998441,2.6495,0.00329828971555235
3.8353535949385e+18,94.4185876850653,0.532376547978734,2.03127477524045,1.726537,0.0138727507670448
5.7221972005469e+18,78.6273349599911,0.46808032051178,1.14927740031605,1.270827,0
1.3390142355403e+19,89.0070306849175,0.449249645755779,2.3303041065103,3.393881,0.00135037470224175
2.41986885833824e+18,87.9585594689458,0.28495054112085,1.94612478002962,1.882118,0
3.02231714455075e+18,84.1187438619818,0.552896545273475,2.3993421026774,1.797468,0.0017243157590674
3.38074222476485e+18,86.1488245121531,0.369255695023682,2.48597442752161,1.971765,0
3.62702329279496e+18,81.5333421763909,0.798197380150971,2.81852632360946,2.026232,0.0017956031261176
1.95995463876757e+18,83.9214728791474,0.639639726125927,2.51520159836521,1.962095,0.00448119102966438
4.47324485259033e+18,90.758867335257,0.333721535825383,2.46399118293464,2.583797,0
3.76369734201115e+18,88.8559008842703,0.198534220884963,1.82409057193153,2.469914,0
1.74400309720926e+18,92.6986189689515,0.341736732383494,2.53286171789445,2.589104,0
8.08954507150898e+18,89.2639107097168,0.321286998526116,1.58834510558533,1.916596,0
7.56351758305969e+18,96.795592721463,0.281616392645198,3.24805130895772,3.679223,0
1.96306826216936e+19,97.9357607490438,0.211446621499373,2.00004613495905,1.576296,0
2.90731797468256e+19,101.287019790798,0.229812745075861,2.10754517669505,1.970422,0
2.66018361527043e+19,103.544455397609,0.24128761578914,1.9331497353817,1.988326,0
3.27835230812073e+19,96.3381490111914,0.299820081091966,1.89441892458754,1.385161,0
2.30912860707498e+19,97.5742899892545,0.312443228349584,2.38254975074546,1.763362,0
1.01792928068932e+20,101.522199858961,0.34068490654672,1.60294225439373,1.334869,0
7.91408661565258e+19,107.008341986539,0.573925307828191,2.34845104480479,2.533259,0
6.88127309498471e+18,91.8549760994468,0.496286670327439,2.34359897032795,3.217013,0.0195987521049045
8.61352374601837e+18,78.6921634055589,0.430022591582369,1.15812613574677,1.02666,0
8.77681235860616e+18,88.7981691293044,0.319440749178815,1.52023260727932,1.132961,0
4.05863087504862e+18,89.7779680838463,0.288025079417516,2.0483660485621,3.022784,0.00109022295976335
4.90773186726152e+18,90.1968609908232,0.249504883030313,1.3890987601252,1.124448,0
6.15889989811551e+18,89.3845820729642,0.389198065014982,1.65973406672793,1.701013,0
2.1657203896195e+18,82.0140693827268,0.650031128109867,2.70056205091877,2.6048,0
4.16669614488347e+18,89.6403123245203,0.218605732016084,3.02714694607152,2.017301,0.00914851495484548
2.05389615419915e+18,88.4054246577959,0.240511623949599,1.57707732361273,1.798054,0
2.80358105855827e+18,93.6505693089086,0.591069361286033,3.6575447859001,3.739604,0
1.40471781881894e+18,95.4305013898348,0.490814767937024,5.05206714226768,6.12362,0.00186222307676642
7.01200799892414e+18,90.392627722426,0.39980776865078,2.00197614926909,2.232827,0
5.14575085500983e+18,91.890514018916,0.287448927655529,1.98446525931294,1.779229,0
1.28533119096079e+19,101.970485076657,0.519827035739375,2.38917981969739,3.362345,0
2.95156762438113e+19,105.322761837995,0.150180425805089,3.38086249453331,4.695692,0
4.49271229938193e+19,104.856821851019,0.170293301210315,2.18957729465523,1.96819,0
6.13097842832828e+19,100.118997394949,0.309713035515437,1.75581415014802,1.998171,0
3.99129523845115e+19,104.254064214768,0.34174281652772,1.38347162549488,1.583454,0
1.10251377156962e+20,112.717101497111,0.388262322466268,1.91798944443856,2.637653,0.00434052772683891
6.79514129453801e+19,108.200900888277,0.507305577233259,2.14254857022387,2.006963,0
1.00410400605995e+19,91.18735359736,0.483122888729056,1.9733782699097,2.134331,0
1.26740545748124e+19,76.5673819021098,0.454003758931974,1.81341325033837,1.741618,0
8.8711222276404e+18,85.0225277183031,0.376766856093432,1.84328156076812,2.785523,0.0187410089809434
7.73851795057871e+18,84.7230024014415,0.26978669921168,1.67224942889144,1.863806,0
1.05281604908909e+19,81.8625796673479,0.659133727040423,1.76069584539594,1.971854,0
2.01724445400582e+19,88.8806975383966,0.719483275185499,2.26566545964613,1.636725,0.0124053291580967
1.14927629635133e+19,86.6570133363584,0.316969623415611,1.88330027379647,1.891802,0
6.4737481434459e+18,84.6075654359237,0.22800340490801,2.01394224321614,3.022982,0
9.48363697438065e+18,90.7928180656761,0.187125086559865,1.92049683647657,1.793471,0
8.61892132577881e+18,91.5197553774236,0.261613808896294,1.88199449313075,1.856914,0
9.5598404058961e+18,88.1217464819118,0.253707479255023,2.07896382746243,2.218295,0
5.01819448651043e+18,91.1076856941474,0.158197519680634,1.92431483211431,2.20868,0
7.34692132937445e+18,90.1077410104334,0.351203265421345,2.94486371198622,2.837378,0
4.58049083064022e+19,97.5884422830334,0.363125292990118,1.98983741144317,2.771015,0.00601345672141973
7.48308601707794e+19,104.264255951059,0.303523369266136,1.75598608239665,1.642149,0
2.47654549230172e+20,104.375462984331,0.232168743087881,1.79842073084305,2.265419,0
7.08572131335479e+19,104.818171448002,0.300022034308504,1.7503959612101,2.098364,0
2.39653032336794e+19,100.298178771582,0.290452405738049,1.82196701652576,1.825684,0
1.19521354877497e+20,100.57681916385,0.296809541544662,1.55569075247322,1.654297,0
1.22185700675264e+20,101.414991540083,0.450665145566815,2.03401200044961,2.923916,0.00613135553142397
1.17599300821113e+19,87.3728654947015,0.478706737051351,1.89332588048254,1.90515,0
2.43385453824847e+19,78.574525007678,0.473825663166565,1.33809594787664,1.030192,0
7.50174706110185e+18,89.4758596507031,0.418688272949304,1.90218895271522,1.800078,0
9.21347618930307e+17,88.8594369226656,0.259242546800705,2.52532968612586,2.434718,0
1.02006749184659e+19,84.7489043954223,0.357644545123766,2.64885922331187,1.909653,0.00274740571495358
1.27408937447642e+19,96.6063985662972,0.248803303152898,2.1219526663708,2.518472,0
5.89961438927832e+18,91.0513345669563,0.30421520511552,1.7347371384664,1.70702,0
4.54819560604655e+18,89.884026542098,0.343041628456455,2.38946769031655,2.069765,0
7.32842026101808e+18,94.9076630665824,0.734323323374712,4.92572033498094,4.81682,0
3.10707337946571e+18,92.7804751295607,0.756968822188136,2.53032170527011,3.617639,0
1.47520011360999e+18,93.2524697361958,0.597572404751716,3.8278288631833,4.237007,0
3.64470290692174e+18,93.6585676815283,0.710111678235412,2.53870856757981,3.358115,0.00150843053294436
2.42940965668289e+18,95.6267038129562,0.471903955694673,2.71450184723377,2.190581,0
3.06071479566216e+19,99.4907464928033,0.406296690794834,2.4814356638014,3.464792,0.00886254512528373
8.38766896203506e+19,105.406524851631,0.421465265536504,2.05689866214115,1.953783,0
2.68886195364829e+20,115.978270638157,0.292234871294166,2.33262791609969,3.26861,0.00177848934283875
6.82958580370175e+19,111.051525772266,0.270396922709486,1.95595458911788,2.353673,0
8.14864915850908e+19,108.38569758615,0.358538890864694,1.6294450682063,1.367079,0
1.30461714824373e+20,112.576733556794,0.321601345139227,1.86390050132755,1.78264,0
4.76249485713097e+19,107.817011261734,0.656196008289829,3.60979036925682,3.374714,0
2.65349256698151e+18,87.9095382040886,0.478706737051351,1.36618120473779,1.852857,0
2.32919414080056e+19,78.0824639081484,0.489662442810881,1.61292129036991,1.361092,0
7.20241347737338e+18,88.9183970820437,0.463755594993251,2.54993204017646,2.052524,0
3.78166825406299e+18,87.5366417091883,0.249255198085884,2.06054786505175,2.347259,0
4.97935019250682e+18,84.0436996338761,0.642071516103361,3.37082484131185,4.970921,0
5.99605742380397e+18,90.3923407408411,0.233217218522115,2.98239934239568,3.27041,0
8.71795284888167e+18,86.5352839452206,0.218026293394925,2.3057286028096,2.144048,0
5.91072681521241e+17,92.1027515085229,0.823805159168656,3.14744293278427,4.42424,0.00124158470435998
1.13156082502156e+18,92.0480123757391,0.971844394755654,2.675908224414,3.542663,0
4.64052505725124e+18,92.1601318995223,0.543048049245056,2.5517619019629,1.71812,0.00544176557615705
9.16088982133368e+18,91.4091363067406,0.83553861965623,2.0471705727719,1.567029,0
7.5367401691919e+17,88.8065244100668,0.979957011856094,5.09791339690796,6.74783,0.00343934572059812
1.01447509298602e+19,91.0062816018649,1,2.05123200339635,1.603953,0.00702476849683065
3.06937007994243e+19,97.1284676150974,0.412278470246766,2.02495030313526,2.792954,0.0113141268043971
2.95854542393283e+19,109.435692656719,0.398718925016707,2.77991214311063,2.383286,0
8.42900262544176e+19,113.737747991882,0.330664108124516,2.07905381845017,1.966503,0
1.85444273336853e+20,108.76390157258,0.22777732161145,2.40813821406886,3.477113,0
3.25728266951302e+19,111.457060819278,0.17037177142266,1.9858822845753,1.437975,0.0569050747493647
6.99834543268542e+19,111.30679090451,0.213544401480727,1.97596173618165,1.650361,0
6.16681726743741e+19,106.351353380873,0.658258661468498,1.9029657282191,1.991017,0
1.75190066529043e+18,86.0049231675282,0.478674369455865,1.55662667732494,1.648172,0
1.7397607258587e+19,78.1690113008974,0.489662442810881,1.74730832311234,1.775552,0
5.01988040198509e+18,91.0409150876507,0.586046358906117,3.09155392530165,2.64473,0
1.1795929386643e+18,88.6144462218295,0.246424140680513,2.42499575282142,1.916954,0.00275547579655588
4.21203644955573e+18,85.8913958527629,0.489451292333775,3.41146578366186,3.315755,0
8.20783000235995e+18,91.7632411820804,0.274418701211455,2.55553318364286,3.456566,0.00119768054571068
2.5480982576221e+18,90.4125638753075,0.47505339540946,2.27140808423227,2.480243,0
4.10695661194292e+18,92.4872089812938,0.995594309490144,2.82166991151995,2.483651,0
2.60403489247725e+18,93.690424968991,0.721245596612609,3.63023223330408,5.63063,0.00342623503205142
2.31625001548308e+18,88.5269690161794,0.370569974997564,2.26925112276426,2.59859,0
4.77062212661345e+18,90.8160302227538,0.247982629044167,2.68969792597454,3.221339,0
1.1597732907729e+19,89.3276529863217,0.434688930940569,3.49449678101254,2.875112,0
9.18670386269228e+18,91.4326939719524,0.630623996440166,3.27592671899961,2.165327,0.0112015080370131
9.29996290307261e+18,93.3147316064558,0.83964897847866,3.0054060226908,3.006077,0
1.43732088039767e+20,105.302338967329,0.394636725146883,1.79488683449393,1.409119,0.0126960519461726
2.85173080515708e+20,113.797967404036,0.258636985886251,1.96842426306107,1.518436,0.00489613622127438
2.01911964099456e+20,116.076901424966,0.274888482626772,1.97500294490701,1.911957,0
1.26274523871694e+20,108.308244679908,0.239035325296362,1.84216989815976,1.48984,0.00448745772913628
3.00386767716842e+20,111.493498587875,0.302930631487945,1.99941451456727,1.987806,0
9.78361362894607e+19,105.327213028327,0.684425869292122,1.87102274774215,1.578097,0
2.01878975859124e+18,84.2767686492821,0.528185395585071,1.83097245003447,1.766791,0
1.04763881597484e+19,78.2450224644636,0.473825663166565,2.22326711390287,3.604184,0.0329206559973326
9.86768435645721e+18,89.3795099296824,0.438376161329661,1.97657692602126,2.208164,0
1.7934530320418e+19,86.8285874998685,0.252417268477128,1.87375852703457,1.36791,0.0143574837560718
1.15494063861244e+19,85.3513099352979,0.254215105569394,2.20998840922139,2.790335,0
1.13059212212635e+19,85.3363613549765,0.236250309195618,2.14712353142093,1.962244,0
1.05556938351154e+19,89.5212343052144,0.293305539337197,1.95318932229808,2.872103,0.00576583779093054
3.45046880787718e+19,91.5606556616526,0.385708484782091,2.65632959786203,3.221066,0
2.04518991938545e+19,90.2665843749921,0.211531848116174,2.7656984460436,3.309197,0
9.67207918549262e+18,88.0394748845925,0.236188448689906,2.12462502438758,1.68569,0.00229775748586913
5.04562938954736e+18,89.1433313548547,0.280182010940031,1.96317204836495,1.887953,0
1.51025883727268e+19,88.4038774427019,0.467566141161995,1.8822337643695,3.186161,0.059523349637372
9.02343032242776e+18,91.015583625397,0.296464606024658,1.68687641552707,1.502182,0
3.47865630469907e+19,93.0575363119211,0.359609167011104,2.66934381507959,3.502775,0.00187346346241823
1.41520743551483e+20,102.137719596389,0.470705250168481,3.13616327714701,3.250724,0
2.30856855031123e+20,106.12564914354,0.342178255727369,1.95950518744443,1.499385,0
2.05599287753578e+20,112.456944986442,0.255094550539671,2.3682314925822,2.314943,0
8.13198511605958e+19,103.441201752306,0.331696519798019,2.37164705779342,3.521237,0.0130384340743978
8.82077944058309e+19,92.8076492589556,0.459096234631254,2.78600116045747,2.295173,0.00115612570763424
7.33216063293807e+19,97.434279090152,0.57407367832989,2.08725887501133,2.049266,0
4.17423663396881e+17,82.2092769087447,0.488915920545387,1.76649442495207,2.209373,0
7.02660709371435e+18,77.1204383997474,0.471673132581892,4.04189987319646,4.70336,0
1.47342483246067e+19,85.697020040054,0.301273891673165,1.73870877417546,1.443978,0
3.27334155591279e+18,86.7541225630048,0.217667830643466,2.18456437872809,3.424556,0.00778442358188103
1.0065251756842e+19,88.4680170298837,0.176244907079056,1.92272913906128,2.274431,0
1.08431320981948e+19,86.9892949517344,0.23914126915232,1.69370327296197,1.662492,0
2.2924098721265e+18,91.7582534357792,0.486937462560314,3.15124477257194,4.841183,0.00210175190298045
5.84306140841673e+17,91.7943937647787,0.228732014019452,4.58178699058664,5.9551,0
8.07452606521913e+18,95.9716389359121,0.346129959260957,4.16608950551777,4.384847,0
6.1767740123225e+18,92.119730468126,0.261547566444117,3.69261273713907,2.729528,0
5.43986001051549e+18,91.2827303579319,0.354854500092725,2.38593312572978,2.590358,0
8.49304971699467e+18,87.4943481743959,0.93359973119669,3.06936272120279,4.174868,0
9.19567004666805e+18,91.4292733555038,0.56515244013345,1.53911761969275,1.379421,0
2.28594745099823e+19,96.8586850843147,0.341580295392558,3.03132629403252,2.918291,0
1.83208018932339e+19,99.013599579251,0.273785096644612,2.64199329173182,2.832059,0
3.00539191643044e+19,100.074465914134,0.384890957749806,4.69228232128964,3.085367,0.00302891477242184
1.04563129959862e+20,114.192417657631,0.465211195227337,2.37787966662192,3.771206,0.0153007089513765
1.80153505466226e+19,93.2167570464249,0.391364715516947,1.29471277111792,1.901642,0
31197649586666.4,74.7363762440004,0.908838519133922,2.37929966500794,3.572753,0
3.59746717180522e+19,83.6939602022719,0.425626719686199,2.53967413192568,2.226746,0
5.12243500282795e+17,81.3069867073622,0.491870518649734,2.03880240919822,4.759472,0.564627197622982
4.18740073741154e+18,80.2008496089235,0.487804578527687,2.4557615380489,2.814044,0.00109524199737709
1.04444661250993e+19,93.5134400636063,0.553333814212113,3.68719361689444,6.37301,0.133589297076506
2.45133120509073e+18,92.198606388985,0.359851628880989,2.64913757709067,3.879968,0.0353784077199776
8.04371596439384e+18,93.7551635595976,0.366963439754644,5.13448989935485,8.23218,0.00132515813669509
7.94424463527318e+18,89.8515355091217,0.247158783273768,1.72429367051725,1.981799,0
1.34379254380161e+19,88.2071160949514,0.278660634328952,1.68247251341784,1.459353,0
6.8060117368535e+18,89.922694748562,0.327493275639274,1.66431972356908,1.846414,0
6.60112005735819e+18,89.6033321034742,0.645233320438256,2.72435754266352,4.188518,0.0117758039040898
1.00793802904769e+19,89.540061357052,0.747623952090706,2.72896229488588,2.577224,0
1.12297215248803e+19,87.4154709479208,0.676046331403696,3.29161053610672,2.498609,0
2.09798405564091e+19,99.664884848175,0.240998518546261,2.38949857121116,1.813019,0.107612665092533
7.99747308600113e+18,87.9424530599637,0.771813963331315,2.68615396150441,2.66921,0
3.4762740319044e+19,92.0741041925276,0.501534272455367,3.1763406347231,2.799206,0
8.36585949660887e+18,100.473335186754,0.334545755193386,4.37062147378286,4.809659,0
9.17458439764998e+19,104.527191831086,0.224851038991501,2.2358834815848,3.6059,0.0117344482459578
3.23870982705697e+20,105.341966898942,0.21742182507574,1.76572533199949,1.969578,0
5.9675727874864e+19,96.6541677767672,0.386338103163429,1.71885835383737,1.588148,0
1.04037503432688e+16,73.723611583868,0.862986659005501,3.0721569465674,2.209667,0
5.07566878732829e+19,90.600954714206,0.355247734743189,1.409187115744,1.538148,0
1.00124949279562e+17,80.6249465003055,0.562296444171627,2.11800827848593,2.126249,0
3.03581545696759e+19,80.1574988733994,0.489662442810881,2.43242322763767,4.08056,0.132929592448794
6.48329531872907e+18,91.3411078858253,0.586046358906117,2.12690563128732,1.990461,0
7.66205465592928e+18,91.4267806008792,0.415252511672014,2.22513507839098,3.497366,0.00850802779172233
8.43475282642645e+18,93.2671354549786,0.61153074235354,3.91991045835115,5.9255,0
1.15737251534761e+19,87.5650098656702,0.331714665230433,1.72211395046551,1.988448,0
1.13055333737955e+19,90.7786657724107,0.313910142733472,2.33076748446556,3.66845,0.00537250098316056
6.48044280460595e+18,90.5646501260407,0.61760054756452,2.01918364278909,2.860265,0.00240015437675911
8.73050696231132e+18,90.4324019928739,0.763642867381067,3.13216565064877,3.122801,0
1.22454497165266e+19,89.9197104300105,0.907957601652731,3.66133074804483,4.092809,0
1.4314908229951e+19,88.420205450257,0.900611747060665,3.19270747903507,3.143162,0
2.23980666548085e+19,91.2188157770027,0.472386447103573,3.2555814043313,3.697892,0
1.08742714218742e+19,89.6977364505643,0.504657220184555,1.97601943323734,1.959721,0
2.06741848933951e+19,93.5757795139886,0.301707048130022,5.25686496000787,4.428314,0
9.45192813557153e+18,97.21616342212,0.564460058404527,3.05605896503165,2.267801,0
2.54653391518995e+19,95.9197524626486,0.427383648288672,3.28998499431701,3.623438,0
8.79746380277748e+19,109.300746510831,0.369202738196979,2.28547274356264,3.193403,0.00401735959700333
4.17073763564844e+19,96.7189110055439,0.342139772547412,2.06975880554219,1.781427,0
1.80940257677482e+16,73.4576841159594,0.810176860182397,3.52710458620231,4.584446,0
6.07685054968284e+19,93.4901240077613,0.389256239231613,1.94380501956326,1.891244,0
2.0662974976716e+17,79.2744409028788,0.573397218143648,2.38199387853781,1.594701,0
2.11432225051656e+19,79.3523792654165,0.489662442810881,2.11514874846089,2.568797,0.00215250129278322
1.04341994511109e+19,92.850143125433,0.586046358906117,2.04102425674246,2.587334,0
2.6391913920139e+18,95.0098865729126,0.30795917876533,3.05187772645816,3.283043,0
1.40574548543054e+19,93.281492299087,0.194016301295907,4.50651249278991,5.73315,0
1.16043687644309e+19,91.2270385561734,0.248649836921271,2.0420108603105,2.432081,0
7.30168120487627e+18,96.1238969236322,0.536469405995183,3.00012749828516,3.470093,0
7.19523895469968e+18,97.0574214182684,0.656130142085976,4.50647528748944,4.376507,0
1.07223654200972e+19,96.3437046912418,0.637094888882531,2.70460593128408,3.995336,0.0154344593371696
5.0682210025695e+18,94.9699345451169,0.315496035204361,2.29747179712776,2.98052,0
8.73940211016597e+18,95.5031654491867,0.951213470044917,1.83811413063244,1.908986,0
1.58443240448736e+19,88.4906113302508,0.464409261901851,2.68826310812145,1.942675,0.00723344504827739
1.45447832545219e+19,93.6761154426336,0.26126577378398,2.8846213881411,4.402373,0.00129496519516836
3.77560250697527e+19,98.7437796424644,0.344246750041557,4.46123507307876,5.92413,0.00116752471016368
6.33818514783549e+19,101.309189608538,0.307229470273139,2.24066068443793,1.970273,0
1.29339023955137e+20,106.050785414782,0.444952148938886,1.92319382120677,1.95108,0
3.54290576539364e+19,105.469133029414,0.553723893117869,2.23742073782059,2.444495,0
1.48729566600942e+17,78.31886684822,0.65074295817209,5.58734953642058,4.540814,0.00131043446744938
6111839437874.77,71.5169138294461,0.995594309490144,3.38057409349991,3.714305,0
4.90747050119414e+18,74.6010917199146,0.472744633623496,4.59034734679925,4.85531,0
4.7090845879392e+17,75.9431644566088,0.509281655420007,4.06996047451508,3.067883,0.00624498886192559
3.00116476137102e+19,79.578587500359,0.491870518649734,1.68520377402898,1.504503,0
1.4475357895739e+19,92.509350345013,0.567007220736325,1.95010267704786,1.983159,0
1.43919040229512e+19,94.1373895450381,0.236706836696577,2.41711397200486,2.264756,0
1.04126544571935e+19,93.3589571979385,0.189221913267131,2.22046599297536,2.993246,0.00110171244301516
1.5607208585251e+19,94.4706859889449,0.201132576253456,1.81800586309724,1.961062,0
2.55023805111088e+19,98.628631264835,0.715339559817581,3.96296047048859,6.05603,0
4.83021665761677e+19,95.8922114475842,0.874292576320689,2.29236345543333,1.675399,0.0510546059020572
4.58385000345349e+19,96.7689676376092,0.545810917851509,2.36094305741817,2.428367,0
2.06292994398294e+19,91.673975064774,0.355632447919256,1.9691561744099,2.141483,0
2.65815635131183e+19,90.5642877897677,0.514675099382751,1.83456028522869,3.038807,0.0407899912304414
6.80907866974863e+19,91.3154579979615,0.382510155285426,1.91780612014341,1.789058,0
5.56089815448998e+19,95.9075422673068,0.294713207753266,2.52246540006272,2.300999,0
2.77501452538621e+19,92.824086151113,0.552024030369695,2.61366251685754,4.397675,0.00261643140508572
1.50438648557691e+20,105.686592033748,0.23233276825742,2.67621485225943,1.973584,0.0304683232531873
1.7050876898514e+20,110.678992590915,0.369918596170007,1.77412212412768,1.673476,0
2.28585509037364e+19,93.1008683273978,0.352609590922714,1.88434138098669,2.356973,0
23717925796723.6,73.682931926939,0.979957011856094,4.13800093294851,6.02966,0
9019063073802.84,71.4027336718976,1,2.30262951428866,2.489627,0
330866458925557,69.8945068372349,0.934877408491596,2.97440311497306,2.087789,0.00183728044051812
1.95662797263493e+16,70.8105764818032,0.916367621625698,2.44973439312958,1.985476,0.0017024708404475
3.74808451070787e+19,77.4010933149874,0.557890753661771,2.45977008933351,2.459858,0
1.98884241834684e+19,92.1163828015151,0.373205461082222,1.93967240636806,3.271913,0.00994244129858424
1.26669132175657e+19,93.0306241398962,0.172650733608778,1.63039232527302,1.247082,0
1.30380108019613e+19,89.6379252203812,0.238044414245367,2.54020769140643,3.202997,0
1.80293065032591e+19,91.8141157838795,0.217829624412207,1.6249136450827,1.958609,0
1.23055830704151e+19,96.6406991921934,0.344051004679349,2.61178548227514,3.260969,0
2.59096327451028e+19,99.1705117202555,0.574634525083264,2.36771060650072,3.098765,0
1.6141458431494e+19,103.503639201419,0.447281812880786,2.98045626267804,3.674474,0
1.92606582291593e+19,92.2760493936792,0.60642613377639,5.11069485649729,7.09637,0
1.06435698361125e+19,90.986259516123,0.783751011655942,2.81204279622001,3.533981,0
3.35381041658412e+18,97.8363233202317,0.335551750242793,9.65070808532588,5.87987,0.00202596997494853
8.04015091391654e+18,92.588155500963,0.339895993744519,1.63299301986839,1.400785,0
2.29804729634923e+19,101.257500260438,0.318101901388919,1.79605532673794,1.20477,0
4.25607822821368e+19,108.59495884672,0.571979303427617,2.07513830792841,1.877434,0
6.26975275929714e+19,110.623116439206,0.463256027074261,2.61646630416647,3.062042,0
2.7232075823977e+19,92.1561962424435,0.39562226469965,1.668978211181,1.840061,0
975963660624.398,71.3051994785775,1,2.50209083768331,3.766163,0
1532470323087.76,68.6114036741718,1,2.43762056848584,3.273653,0.00153289435426962
2.84724948063106e+15,67.449183349532,0.708782655616031,4.14017629504962,4.12436,0
5.82756810377605e+16,71.3009972204385,0.780982566162877,2.47017999470477,1.982123,0.00142806530605821
6.41749776013365e+19,79.5072889344747,0.52428915569002,1.82430921200933,1.985159,0
1.1642338122671e+19,93.2217320715277,0.366803279312312,1.74678053188016,1.597242,0
1.07254944532913e+19,93.9174323389459,0.31622733409359,1.95065696568833,1.392318,0.651268019648013
9.16102376152334e+18,92.7812770357123,0.491083378398401,2.64991381440461,2.365871,0
8.03488083572666e+18,98.5607592732465,0.354954868701055,4.19963417959033,4.073345,0
1.25552296592043e+19,94.2555250524585,0.430971353889447,2.01801930694038,2.369171,0
7.89738359517873e+18,99.5876353548258,0.673202196503795,2.82224129675308,1.936968,0.095188585117989
1.22134031927194e+19,97.5951523355623,0.545900974176062,2.01528607785797,2.171906,0
1.14231138999857e+19,94.3175106728318,0.33716044457708,1.49817286469772,1.826746,0
5.06548299539229e+18,83.9087566444291,0.453514677804513,1.70752786076948,1.932214,0
1.43557102703034e+18,83.5340668163109,0.464139085218223,1.4481008527983,1.868555,0
1.10572973144991e+17,80.0868257286265,0.506104920422308,2.32324182129895,1.974082,0
9.31055506954737e+17,77.7690057089906,0.606797499289069,4.03834987856315,4.766663,0.00107009502682864
3.78147091823283e+16,75.6156239615699,0.689549128419559,4.12500544275929,6.75536,0.00650593242857722
42050955247132.8,73.8221303715222,0.825760867885263,2.25988223888387,2.939327,0
877268749276.593,71.3741546422272,0.946330189072617,2.57240173345533,3.516185,0
419841439218.637,69.2484964899085,1,2.09991475684699,1.732115,0
1414263850914.26,68.1178507469917,1,2.21334203193909,3.664805,0.00198819284307172
581272448106025,68.1010541921244,0.837194255322773,2.35992929560478,3.848393,0
1.35941344878405e+17,72.1255828018577,0.418627413457041,4.04986660063049,6.53202,0.00644718952961276
2.32985522507869e+19,76.9024943501209,0.647918674297515,3.94045446646036,2.785106,0.0253366200425846
3.19093298444949e+18,85.1610865458162,0.355038885781877,1.47475310794878,1.993671,0
9.1277583882211e+17,80.7843338125347,0.422468225585967,2.06725217537258,1.779809,0
7.05546125735026e+17,76.5816418546026,0.496413474832823,2.53045243444713,2.837162,0
1.18987086546903e+17,74.654078558287,0.658680360266863,3.69594409724826,3.941864,0
1.89015149987999e+16,72.9022927405205,0.718553053057646,4.1994860382966,2.782178,0.00600920326791921
17130478719390.7,72.1559026653673,0.805374303526333,2.41136467106794,3.746504,0
2821852705202.38,71.8160714028479,0.858578801860474,2.20203832799469,1.937751,0
236433731721.251,71.2773304195051,0.962394175088489,2.3745452713266,2.739038,0
294416926922.457,70.7975334977558,1,1.65882787757521,1.400279,0
332091987572.244,70.5173244489206,1,1.96537851532717,1.687282,0
477501598117.984,70.2018169795525,1,2.55671026227494,3.250049,0
433009862717.009,69.9303107204611,0.976250085265509,2.56227320473609,3.068234,0
4563483843274.67,69.6648562238504,0.905824159743616,2.13526462571048,2.318159,0
220305789405221,68.8181916468909,0.910656538635295,2.59785635374764,4.463507,0.00118674280941344
22137138677145.8,68.0824759316637,0.987481692389704,3.27975321127542,4.822526,0
440014884189.959,68.0099214186875,1,2.68302732409979,1.951307,0
3338861895313.96,67.0998471793262,1,1.66167254915135,1.574205,0
4207607167472.43,66.2217604843846,1,2.58604412631614,3.287027,0.00116008055646599
7414993093834.77,67.2699533146465,0.816775165605974,2.0315047006232,3.593927,0
14491070932805.6,66.3904417359537,1,1.79558933465162,1.746146,0
11878885641343.5,66.5318713529749,1,1.86305793745462,1.428618,0.00116028506894417
27934171115765.7,66.6305073743325,1,1.7006529481385,1.95508,0
52651020186163.8,66.9891541852091,1,1.82759119742308,1.697275,0
56049136113582.8,67.9749147415758,0.946330189072617,2.02205852709824,2.185733,0
184036238454467,68.5987295942958,0.866010258993253,2.43810270765074,1.755868,0
429446878469751,68.9209079098376,0.794713860199231,4.28621138387391,4.671401,0
474662508507453,69.9053839385984,0.689470729731885,6.45929392215647,4.773848,0.00267078538309051
221745750465629,71.1923017640264,0.612696478058097,3.27346846991451,4.338677,0.0166436400193963
119589878443471,72.4689322853624,0.562296444171627,1.78935775950685,2.473886,0.0361318125256027
119937743396801,73.7173735766996,0.491870518649734,1.25936211549166,1.112314,0
160585929697621,75.0474949627116,0.478706737051351,1.33988994610791,1.621911,0
201737038057291,76.3737133208017,0.504654266456844,1.78601750905817,1.825615,0
584167053103167,77.970456991138,0.581640668396262,2.25462946632172,3.901082,0.690154766179872
4.7899410499003e+15,79.266038082476,0.573528051295821,2.98482366058225,2.726366,0
4.86212330075129e+15,73.4672805156316,0.463291088185088,1.48214122669858,1.345574,0.00322647275165666
1.16246040399293e+16,67.3446426813391,0.687045909527962,8.33130552033017,10.39313,0
117732169024337,66.1727265611685,0.945043488586514,1.81538437166942,1.660618,0
9927435597787.82,66.0416457518024,1,1.96782188772579,2.261243,0
50461811554487.1,65.4269597424868,1,1.78165520133272,1.970345,0
1.75123801541539e+16,65.2853508917601,0.62876046407397,3.76356911719192,3.695174,0
1.11239012841382e+16,68.0357869178984,0.562296444171627,1.75649914058733,2.759246,0.35818838737885
6.95508857574282e+15,70.4223663729658,0.489672903978731,1.1954519311458,1.887015,0
6.87872535990485e+15,73.0165969025007,0.480904351722354,1.24498014516581,1.604642,0
2.99321586867658e+15,75.1860630079527,0.532376547978734,1.84762085036603,1.877978,0
954566919251365,76.863420198354,0.612696478058098,3.90990513461449,5.13456,0.0093632796686226
407383840635652,78.4170800240303,0.689470729731885,4.47498591778222,6.22677,0
181997623927675,79.3568949393782,0.794713860199231,1.95563007405919,1.569438,0
43877493684351.4,80.0531462222396,0.866010258993253,1.5992265254196,1.739505,0
31763080677807.4,80.9512346945693,0.918607907550727,1.52828326478148,2.686484,0.00986186619152774
57056965031506.1,81.5905540360645,0.995594309490144,1.90446140598983,1.689384,0
84060658764032.9,82.5215194376976,1,4.45533672041289,6.49031,0
142977832367083,84.2750904994677,1,2.08228513906804,2.459483,0.00459783612251952
850138091997004,84.5300757561253,1,3.86918100490849,4.866626,0
1.32910061078621e+15,84.4085312770576,1,3.1558926457984,3.598823,0
3.1342736765289e+15,81.2021522486247,0.945043488586514,2.07822528010028,2.54819,0.00106708581876624
4.37877479111543e+15,75.3490412916311,0.687045909527962,5.72179644575061,6.94843,0
2.09769203835618e+15,69.514781505255,0.411461464284335,1.38262657748296,1.851889,0
3.29803623833305e+15,65.7231851028842,0.638788524338681,4.63760590557484,6.75033,0.0364901632889693
3.11177403964855e+15,65.7109457979911,0.907296839618855,2.85443838692741,2.724827,0
19488131744842.9,77.2491989205575,0.84994627297738,2.35215330946706,1.951352,0
10280430866376.5,78.4680091225112,0.918607907550727,1.90449029027924,3.219416,0
17205079420579.2,79.6225447183116,0.995594309490144,1.67467619319329,1.736665,0
16019838451552.9,80.4326036800112,1,3.67869183336421,2.412797,0.00105185266825503
33192898884436.9,80.6733195035524,1,2.68641444214546,1.900299,0.00286878651267986
35818809324617.1,81.2294898251399,1,7.35980309969449,8.67443,0
251827209634869,82.5816145601511,1,2.22070808552663,3.789077,0.0539930761658199
868767460984560,83.2993627362806,1,1.95275556218969,2.092973,0
978968532131085,82.4392856918768,1,6.68767993165763,7.73698,0
477427163847022,83.4296908578911,1,1.95067971559722,2.217272,0.00118057375969249
227052324252148,85.1737539257454,1,1.38186919719819,1.51756,0
23160930621916,86.9605821858321,1,12.0601464845902,14.63728,0
3799865703.10293,87.4452914153991,1,2.15365746559465,2.317829,0
1599809920960.86,87.4979907969725,1,2.13801283562981,3.732806,0
32276240593318.4,87.1066083573123,1,15.4196207933736,12.4002,0
649671279486180,84.9018835951284,0.906516288322254,2.39538552420609,3.129845,0.00245411683029773
7.30893369113047e+16,79.4756802056305,0.66227051299923,2.06833946031231,1.885403,0
6.64097333567351e+15,73.1735130768796,0.88816111430073,12.3744363839113,12.48979,0
603109225841711,74.0814413609133,0.757027744822625,3.46762184575426,4.974299,0
4.98508717291082e+16,72.5072033242993,0.502897656305726,1.90358075966446,2.310164,0
21416073196604.9,76.7011891142022,1,2.60419629251112,3.36623,0
23506113964821.7,78.8294567457819,1,2.39830224976895,2.131976,0
13374573338579.2,80.1212350129922,1,2.84822967229812,4.626485,0
12510771999082.8,80.7851570028289,1,2.26278268630898,1.946338,0
43655494174428.1,81.874076297259,1,1.61859675744945,1.376893,0.00159904420408807
39566141653324.3,83.4059727906957,1,5.03768378427848,9.16718,0.00312012096389236
6587513475251.85,84.2736776674961,1,1.83072995434568,1.401298,0.00487371586035645
2169636062024.92,84.9189562290243,1,2.64547780743062,4.52177,0.00444655856738918
3942575632894.17,85.8401801987845,1,1.69053678780039,1.611099,0
17339389725860,86.6816197947232,0.995594309490144,1.93948189895251,1.55889,0.00608399373746515
1.82248055302854e+15,87.3473662145293,0.852419789013047,3.71744088100817,4.019744,0
4.82643821471666e+15,86.197260602476,0.696511184462416,4.1488723623208,4.028609,0
3.50716799266989e+15,87.321587448865,0.855710488389658,19.471544988431,10.959,0.262920302907036
2.33398881045381e+16,87.4407440071358,0.765166224280228,21.8405379735862,13.65425,0.00156023903021973
1.96031202424506e+17,83.1869072901606,0.469361849621411,3.35517034243296,2.115176,0.398894112282688
1.61628872324352e+17,79.2424341236038,0.278449526802246,1.99947177862508,2.341559,0
4.51883639205027e+16,76.1740144350911,0.334172580084923,2.45628538648661,3.145634,0.00536547240745888
689884072570095,74.8910096377682,0.747695673237055,5.46233090668581,4.623221,0
165729595676604,75.8277547101133,1,2.30493338780625,3.735371,0.0144335389386945
81573466691794.2,77.5059133730579,0.995594309490144,1.99655742270979,1.829636,0
5894871790882.96,77.0836987391841,1,1.99476547764019,2.559728,0
116197526462167,78.5974946083335,1,2.33500128089426,1.65963,0.00443827651482975
5.62909481881135e+15,80.0162360294683,1,8.04389120921348,10.08755,0
672598817453297,81.6965052444734,1,1.66259351635032,1.59751,0
320512262757922,83.3309032637063,1,9.74583539589901,11.17069,0
45013712740151.6,83.0166779001484,1,2.65475793762291,2.502461,0
706564180214.193,83.0004555831026,1,3.31538635846406,2.741759,0
26021475785.145,83.2709350382292,1,12.0589783008008,7.86664,0
68176051375539.7,83.6911675000866,0.92180503359269,3.3144263122453,4.273994,0
1.02846271131112e+15,82.4007370598932,0.510501534322903,2.56683277584073,2.951618,0.00466286891872936
1.62222157353502e+15,77.3826165513904,0.495738767829865,3.54401105289263,2.983517,0.0023718451468856
2.75097103932241e+15,74.9977602263872,0.456414640197236,4.87324290823386,2.970584,0.0505147737965032
7.66228805849777e+16,74.9530297982935,0.297204728592048,2.07461615340499,2.202896,0
5.38096541445957e+16,75.9270291891381,0.259480742996376,1.7838782664988,1.393909,0
2.91324246126429e+16,80.8948551333054,0.433378668377657,3.82256387131361,4.348328,0
283158083879373,84.0811672321624,0.765732145073545,2.83056975555049,1.940865,0.00134546368605659
71836797673849.4,80.701916178217,0.976250085265509,1.74675010433406,2.792123,0.0119695983189112
45286471203952.3,76.7726714890683,1,1.89149209314644,2.276663,0
223745878766433,77.5738452204332,1,2.00171463745211,3.004013,0.00528076739582795
246177248542612,78.6183925962316,1,3.32711808585473,3.294512,0
28687806389881.4,76.7269352474538,1,2.43141530849193,4.103447,0
2.83633162518714e+16,77.7978743235142,0.829659812281365,13.3085498068141,8.70774,0
2.26727597865619e+17,74.2312722223671,0.32968703744878,1.99586778624798,2.581271,0
1.1674871835288e+17,77.9052186311512,0.532138660060749,8.35687977785291,9.69397,0
3.59274653038182e+16,79.4705421994485,0.807604118613714,4.04875730010695,3.419306,0
1.25344830349795e+16,80.978681494208,0.976250085265509,1.46599812217431,1.657127,0.00104572142807535
3.06680366751678e+15,81.7029850243181,1,2.00221380306406,1.880818,0
2.18954641546256e+15,82.8211070584025,0.915123268654878,9.18213649423097,14.04993,0.0035999808562357
2.17449771075454e+15,79.2973908844117,0.309611813763826,1.28599409415696,1.297032,0
1.39345518464376e+15,73.8615822825182,0.342803334207694,3.91137804962032,2.746028,0.226130220433066
1.76946279879649e+15,70.3466689151382,0.44065964321075,1.39082815728587,1.910623,0
3.47152355577741e+15,68.5264174129364,0.398862338614157,4.87311583540133,4.7714,0
1.36882555029902e+16,77.8789578728728,0.400406278707816,2.37801656718448,1.909582,0.0920580820543546
1.57127907003727e+15,83.5597892985011,0.859935667570852,2.38653910655935,2.644277,0
401716984621192,84.504222323063,0.995594309490144,3.31313050615927,2.596511,0
122343836106612,84.9399358164423,1,2.30973468868046,3.068111,0
92988119436546.3,81.4184673329007,1,2.13360718328691,3.255128,0.0171860277290415
92837280654220.3,77.1616947655385,1,2.37951717369701,3.5048,0.00283111396647207
890474963044465,77.9932547079095,1,1.94667729987848,1.646139,0
2.46329658705635e+15,78.9143333802204,0.976250085265509,2.91965544184186,2.800238,0
2.67173928645026e+15,76.5897670458753,1,3.93509817665693,3.485909,0
2.68785808802598e+15,77.3176070735783,0.953582794068778,2.66918454894606,2.798825,0
3.62950334632941e+16,76.8511887253772,0.607347875072416,8.81861105817976,12.5077,0
4.32784543605289e+16,74.7298606243752,0.379453436538105,1.91697437072111,1.537644,0
4.34611810369903e+16,73.1633153777065,0.309042365128899,1.67357247847965,1.73339,0
6.47180568512442e+16,73.2820568298916,0.298818480800735,1.7172058684885,1.923491,0
5.96512996860811e+16,76.7970453452997,0.492772986790107,3.51801268893651,3.950705,0
2.29085968336717e+15,73.1086466862629,0.396168798761178,1.62466486379147,1.144593,0
725942390566165,69.5812620696859,0.423923387315291,2.69139281286861,3.690707,0.0209597447217158
580794372127882,69.1183654888767,0.518966239393373,2.42601470238947,2.991488,0.00179748313660999
1.8259525213089e+15,71.4815097130268,0.468561212757389,1.82007372393045,2.199485,0.00344251569559628
1.04876840655821e+16,76.2942268784921,0.557571955664798,2.73927568610909,2.290541,0.0207476330576998
1.07607613009375e+15,81.2707267018409,0.948255728206172,2.63937609872128,1.792724,0.0026148859935673
1.23693724539368e+15,82.8831907681059,1,2.25489158813202,3.396683,0.00178375761734151
5.10246112370065e+15,83.3236646369827,0.987481692389704,2.87751255753751,3.41135,0
2.40209428344895e+16,84.146445435184,0.88133303105122,2.86446957486979,2.839922,0
1.19424060203601e+17,82.4686196657279,0.758646031266167,6.45505620101513,4.776449,0
8.04883394102568e+16,76.9485015779834,0.60066339954518,3.44407561420289,3.398759,0
6.24896552671771e+16,73.7623998112053,0.514114947291858,1.39754637597297,1.957699,0
9.78258524394259e+16,70.8988173906383,0.463918925049917,1.36264879050951,1.801395,0
17697577687213.8,75.8990791159658,1,3.35118701750938,3.257003,0
122422405023598,77.2923679578815,1,2.89714103637,2.618666,0
169512413004045,78.2731891505867,1,2.84745404396087,2.557556,0
261885133233601,78.8045857457279,0.995594309490144,2.55817875853294,1.862428,0
412966443107839,78.5653753190272,0.872530452007313,3.30393566332752,2.392139,0
994845065384891,78.101442844778,0.6185874909631,10.4314818932085,8.80496,0
1.88175126403246e+15,74.7716091718436,0.444178363954201,1.90283224466001,2.103923,0
119894448186146,74.5007091715003,0.469748183415264,2.0884168141657,1.644552,0.036426017866084
139494619288858,76.5213897463763,0.651864904820374,3.29515455044318,3.723374,0
711155002530686,77.9437164270252,0.797348624419907,3.1602847732193,2.535365,0
6.45359390595819e+15,78.9865555692028,0.839901481402751,2.41881085043953,2.790536,0
5.61467220859124e+16,80.3562949832071,0.785786378353412,2.39545958753109,3.544019,0.00691762555512199
1.28424688687951e+17,80.0588915176629,0.602871475384033,3.74227333310714,3.43301,0
1.51758436329395e+17,77.3759956672048,0.478926176018098,1.4438771016805,1.652031,0
1.90066991362057e+17,74.2741527660987,0.467554308348408,1.30133511411231,1.482507,0
1.85884926264266e+17,70.2850120977147,0.526858728945806,3.06523541671197,4.033625,0.0240450554537841
2.76399304758182e+16,65.7860823571165,0.696389969471944,13.6362423254794,5.86985,0.25801235020318
326219350207912,64.4423824705285,0.824592965545534,8.09152142307619,4.576856,0.00183282847830768
9.18699587823532e+15,62.8612623709637,0.962394175088489,2.61928415564893,3.0209,0
1.96890440361798e+16,61.6188226377379,1,1.95672325200708,2.00879,0
12270520762446.8,75.6538027459316,1,2.19276264529132,2.99978,0
60230783012422.1,76.6337202964528,1,2.50254893967127,2.744714,0
199156511393785,77.5305794678641,1,2.40379430053389,3.063578,0
142149980786324,78.8418754096629,1,2.94929448848704,2.582627,0
534376043020094,78.9828692756509,0.995594309490144,2.39822537589376,2.229488,0
3.28607110629788e+15,79.1928722205579,0.906089599940431,4.58395942443782,6.85465,0
2.32983181082903e+16,79.4652879425196,0.785786378353412,4.40725186311581,3.75542,0
4.69095183690301e+16,77.9078958768271,0.647032525928696,4.62256772951319,4.35593,0
3.37816980405158e+16,75.1951403500188,0.532376547978734,1.48649186339125,1.309108,0
3.68735114897734e+16,72.5617648378608,0.480914812890203,1.29321353877951,1.967675,0
4.93519485140738e+16,69.8790087992281,0.569336898902158,2.94063933618149,4.26032,0.0386281116065846
2.06336370833515e+16,66.6243304709288,0.689640120489177,11.0887496653963,9.86498,0
6.14894845769145e+15,65.3372061680541,0.820187275035679,2.16973436146486,1.969033,0
7.0418139966481e+17,65.0065086483332,0.946330189072617,8.45642808955737,12.18261,0
6.00967987005503e+17,65.4629442927418,0.979957011856094,3.08388472340851,4.961732,0.0119580094734874
6.61159870418281e+16,62.5860736978477,0.860566432901018,1.70201497385675,1.574929,0
1.2721702446785e+15,61.1833957669412,1,2.79452871689261,3.215771,0
2.99351227537846e+15,59.2492401332877,1,4.116507187798,4.888793,0
2.75658676484766e+16,60.2454853128141,1,2.74547271010089,3.243356,0
4.70101622835239e+16,59.9949858290931,1,2.55822800580424,2.713067,0
1.82137465092737e+15,75.9648790044163,0.906089599940431,2.68683716732603,2.152511,0
1.21854618632473e+16,77.5896813915603,0.785786378353412,2.76136039647565,2.995889,0
3.47391963087606e+16,76.9449400043341,0.647032525928696,5.2313461378474,4.707902,0
2.84282551005316e+16,75.0396043786769,0.532376547978734,1.57547539001468,1.409609,0
3.13032466732369e+16,72.7452844778065,0.418576112819817,1.2033640977864,1.571486,0
2.59470698694328e+16,70.4300226030682,0.524774855051272,2.43382326210797,2.269844,0
1.17186562517499e+16,67.426122589741,0.689640120489177,12.247504262828,9.28625,0.00158957241107627
346139941103428,66.4138714026138,0.829476596451652,2.33123185322644,3.665819,0.00144331563130506
2.92137818324215e+15,65.8389992292841,0.946330189072617,1.89281579234435,1.991764,0
8.68995938675627e+15,65.6806386423936,1,2.21159394809268,1.798039,0
6.26470399020744e+15,64.4182131558791,1,1.90224324984944,2.202092,0
1.50811896048583e+16,63.8417251804183,1,2.92529680740839,4.521833,0.00390395906961394
3.33007050629047e+17,62.9227814381212,1,15.2780306708023,11.53553,0
1.88148889454293e+18,64.8598665551311,0.742636290274311,3.50958489273228,3.44918,0
9.54326645067649e+18,66.8605434687301,0.287139751422211,3.70288093337237,4.034336,0
8.67085926425294e+18,65.7881025111407,0.282977717328738,3.87612121732965,2.790641,0.00610466195980686
1.99844278529432e+16,61.4907133665438,1,4.91395161030488,4.276337,0
9.4900309226533e+15,60.7566700159756,1,2.436212025793,2.002337,0.00115355510715809
7.48494612495978e+17,60.7474904002075,1,2.75909133807915,2.415608,0
4.22742791712154e+17,57.5803874539269,1,2.47683684272729,1.894671,0.0127933847822674
1.79886434191801e+16,67.8138067931435,0.569336898902158,2.55528171239437,3.017468,0.0014676291585739
7.66639710232667e+15,65.7100175072521,0.689640120489177,9.02353505334955,8.48452,0
871091915484006,65.3518821891967,0.829476596451652,2.35858460042736,3.678773,0
608395669678282,65.5765143386541,0.946330189072617,2.70736367688455,4.010939,0
1.34466240720029e+16,65.6333914395183,1,2.4743318045098,3.393515,0.00162399806154201
3.6668558474977e+15,65.4048129933591,1,2.56532118914641,2.754728,0
3.005296902071e+17,65.9224422303733,1,13.5301108062723,9.81845,0
2.14594095755212e+18,67.4404993818908,1,5.84053024393006,5.13234,0
3.62274922107175e+18,65.7102094597899,1,8.76746278173342,6.20154,0
7.01328736798511e+17,67.1371383189497,1,4.04274958819872,4.77752,0
1.23634739118297e+17,63.3458922393403,1,13.9701317537167,5.11335,1
1.43312916286356e+17,66.0912702280141,1,6.98249687235295,11.39003,0.0058938921800471
3.58521374107702e+15,62.1888249754476,1,1.85540850393768,1.536481,0
2.1264981079661e+16,62.3492530534591,0.886817389271763,2.35472899996466,3.131918,0
4.2732994444029e+16,60.9969394202683,0.698433045091405,4.99787452494478,6.30819,0
2.28312880534162e+16,61.7853694533551,0.860523604137683,3.54634614459639,3.735872,0
2.12569940027694e+15,61.4548464159072,1,2.74631320668611,4.579418,0.0455867599699417
2.82111147067123e+16,60.4492067451463,1,2.17205397059911,2.936201,0.00288193933074943
6.06490579349614e+18,60.1753360364097,1,3.76451288800628,3.610847,0
5.14372493996622e+18,59.5056924353791,1,4.66703155003623,3.58625,0
143549554843524,63.0717532296712,1,3.35858013815244,2.626064,0
2.21736441088366e+15,63.1383849973418,1,2.14665367684971,2.20079,0
1.40011486886683e+16,63.5147331100176,1,1.95969135987091,2.403989,0
3.96502047930771e+15,63.9896062900471,1,2.10697368664185,3.580529,0.0127557880312522
4.73741529756435e+17,64.928936280538,1,8.56599100997519,8.67356,0
1.07192407686497e+18,67.0609995198506,1,4.55702189444512,4.261793,0
7.93780517535679e+17,67.4046905077769,1,3.99194556237418,4.372217,0
2.03892457643787e+17,66.002194534536,1,4.20184226152543,3.522224,0
1.89463270525412e+17,65.5147921375697,1,5.0953080994103,4.975025,0
1.37561690594571e+16,63.1577216904849,1,4.45064768141409,4.965656,0
4.23453289782813e+16,62.2055175148388,1,6.88554493311063,4.057337,0
2.23330763907881e+16,63.0829830670135,1,2.5246281835113,1.810287,0.0100495348497281
3.83923142451621e+16,61.6459380935553,1,3.23643176882506,3.672269,0
5.00023708177273e+16,62.063887097512,1,2.60741124850929,2.523884,0
5.26563765615799e+16,62.3834164065988,0.979957011856094,3.07340048396245,3.916583,0
7.49216877918446e+16,63.4196408394086,0.940569799487554,12.6509502784406,13.82016,0
196097084669638,59.2571408732481,1,1.81781048364587,1.609366,0.00281948450516001
1.5040223058343e+16,58.3763657594456,0.933650633277312,1.63901977911791,1.589614,0
2.43774567221589e+17,56.5292774207994,0.862344836376535,2.34789207849203,2.796233,0
1.67906840877234e+17,55.939271085123,0.925000500442609,3.12962841637392,2.459819,0.0032024143140249
4.35238950594815e+15,62.4711519866231,1,17.5572357851618,14.31827,0
1.4354803940883e+17,63.7663933617614,1,12.1665924081987,13.52892,0
5.55743308863587e+17,65.0098824440673,1,3.38590583908001,2.145512,0.208773898535955
8.97468578523805e+15,63.328984669613,1,5.6595284119271,4.848461,0
186258502428980,63.6075027235416,1,2.3278796818125,3.697328,0.0489125767258592
85480997483849.4,64.4353230210456,1,1.59111835758111,1.377245,0.00136235476303026
131870802368312,65.074419692817,1,1.7021461072382,1.49052,0
2.18527465523852e+15,65.4911777010828,1,2.50226458378318,3.936488,0.0137365266381325
2.59929331828484e+16,65.0062779688435,1,2.14389229234509,3.106958,0.0142423263405348
2.10239736409937e+17,64.9797353643578,1,3.71752935110946,3.602051,0
1.17239185979419e+18,64.4895542993252,1,4.06977453658536,5.94659,0.0010567318073359
2.51365408997242e+17,62.8026623981212,1,2.17438243778719,3.238454,0.00113353460418664
2.26866752124305e+16,61.9924999942297,0.930266203056744,3.04392140463814,3.110612,0
1.51756493423598e+17,61.4318948499289,0.930266203056744,3.13804651436986,4.045694,0
4.21592646529738e+18,61.5491659365876,0.65972926818512,5.56413141669313,3.671807,0.00123966633293759
1.19900943003345e+18,68.9038355784916,0.388948273862271,2.96287958229398,4.731845,0.0185952735673802
411608643346896,58.9610079334159,1,1.68625592773497,2.032193,0.00109286322177204
1.07568297944702e+16,57.7323863659525,0.917747895446448,2.00599246574855,1.617045,0
2.90750748364642e+17,56.9173306619314,0.553283374054135,1.48909844544092,1.630396,0
5.4416680169358e+16,58.4694502842722,0.821552434845222,3.16763980654603,2.025032,0.00980138726971136
